Recording timestamp,Event,Sensor,Gaze point X,Gaze point Y,Validity left,Validity right,Eye movement type
2022-11-18 14:14:55.577930,,Eye Tracker,392.0,949.0,Valid,Valid,Saccade
2022-11-18 14:14:55.594584,,Eye Tracker,409.0,944.0,Valid,Valid,Fixation
2022-11-18 14:14:55.611239,,Eye Tracker,405.0,946.0,Valid,Valid,Fixation
2022-11-18 14:14:55.627894,,Eye Tracker,403.0,947.0,Valid,Valid,Fixation
2022-11-18 14:14:55.644549,,Eye Tracker,400.0,943.0,Valid,Valid,Fixation
2022-11-18 14:14:55.661203,,Eye Tracker,402.0,944.0,Valid,Valid,Fixation
2022-11-18 14:14:55.677859,,Eye Tracker,406.0,943.0,Valid,Valid,Fixation
2022-11-18 14:14:55.694514,,Eye Tracker,406.0,945.0,Valid,Valid,Fixation
2022-11-18 14:14:55.711168,,Eye Tracker,404.0,947.0,Valid,Valid,Fixation
2022-11-18 14:14:55.727823,,Eye Tracker,401.0,943.0,Valid,Valid,Fixation
2022-11-18 14:14:55.744478,,Eye Tracker,399.0,947.0,Valid,Valid,Fixation
2022-11-18 14:14:55.761132,,Eye Tracker,397.0,946.0,Valid,Valid,Fixation
2022-11-18 14:14:55.777787,,Eye Tracker,392.0,946.0,Valid,Valid,Fixation
2022-11-18 14:14:55.794442,,Eye Tracker,395.0,950.0,Valid,Valid,Fixation
2022-11-18 14:14:55.811097,,Eye Tracker,399.0,946.0,Valid,Valid,Fixation
2022-11-18 14:14:55.827752,,Eye Tracker,400.0,946.0,Valid,Valid,Fixation
2022-11-18 14:14:55.844407,,Eye Tracker,402.0,947.0,Valid,Valid,Fixation
2022-11-18 14:14:55.861061,,Eye Tracker,399.0,949.0,Valid,Valid,Fixation
2022-11-18 14:14:55.877716,,Eye Tracker,399.0,944.0,Valid,Valid,Fixation
2022-11-18 14:14:55.894371,,Eye Tracker,402.0,946.0,Valid,Valid,Fixation
2022-11-18 14:14:55.911026,,Eye Tracker,401.0,949.0,Valid,Valid,Fixation
2022-11-18 14:14:55.927680,,Eye Tracker,404.0,942.0,Valid,Valid,Fixation
2022-11-18 14:14:55.944335,,Eye Tracker,409.0,940.0,Valid,Valid,Fixation
2022-11-18 14:14:55.960991,,Eye Tracker,407.0,940.0,Valid,Valid,Fixation
2022-11-18 14:14:55.977645,,Eye Tracker,408.0,940.0,Valid,Valid,Fixation
2022-11-18 14:14:55.994300,,Eye Tracker,408.0,942.0,Valid,Valid,Fixation
2022-11-18 14:14:56.010955,,Eye Tracker,405.0,944.0,Valid,Valid,Fixation
2022-11-18 14:14:56.027609,,Eye Tracker,401.0,943.0,Valid,Valid,Fixation
2022-11-18 14:14:56.044264,,Eye Tracker,405.0,944.0,Valid,Valid,Fixation
2022-11-18 14:14:56.060919,,Eye Tracker,410.0,945.0,Valid,Valid,Fixation
2022-11-18 14:14:56.077573,,Eye Tracker,410.0,943.0,Valid,Valid,Fixation
2022-11-18 14:14:56.094229,,Eye Tracker,409.0,941.0,Valid,Valid,Fixation
2022-11-18 14:14:56.110884,,Eye Tracker,409.0,942.0,Valid,Valid,Fixation
2022-11-18 14:14:56.127538,,Eye Tracker,413.0,942.0,Valid,Valid,Fixation
2022-11-18 14:14:56.144193,,Eye Tracker,413.0,944.0,Valid,Valid,Fixation
2022-11-18 14:14:56.160848,,Eye Tracker,413.0,944.0,Valid,Valid,Fixation
2022-11-18 14:14:56.177503,,Eye Tracker,412.0,943.0,Valid,Valid,Fixation
2022-11-18 14:14:56.194157,,Eye Tracker,415.0,944.0,Valid,Valid,Fixation
2022-11-18 14:14:56.210812,,Eye Tracker,459.0,935.0,Valid,Valid,Saccade
2022-11-18 14:14:56.227467,,Eye Tracker,514.0,926.0,Valid,Valid,Saccade
2022-11-18 14:14:56.244122,,Eye Tracker,520.0,922.0,Valid,Valid,Fixation
2022-11-18 14:14:56.260777,,Eye Tracker,521.0,916.0,Valid,Valid,Fixation
2022-11-18 14:14:56.277432,,Eye Tracker,512.0,911.0,Valid,Valid,Fixation
2022-11-18 14:14:56.294086,,Eye Tracker,510.0,918.0,Valid,Valid,Fixation
2022-11-18 14:14:56.310741,,Eye Tracker,513.0,917.0,Valid,Valid,Fixation
2022-11-18 14:14:56.327396,,Eye Tracker,517.0,912.0,Valid,Valid,Fixation
2022-11-18 14:14:56.344050,,Eye Tracker,517.0,918.0,Valid,Valid,Fixation
2022-11-18 14:14:56.360705,,Eye Tracker,518.0,922.0,Valid,Valid,Fixation
2022-11-18 14:14:56.377361,,Eye Tracker,517.0,922.0,Valid,Valid,Fixation
2022-11-18 14:14:56.394015,,Eye Tracker,517.0,919.0,Valid,Valid,Fixation
2022-11-18 14:14:56.410670,,Eye Tracker,521.0,925.0,Valid,Valid,Fixation
2022-11-18 14:14:56.427325,,Eye Tracker,518.0,927.0,Valid,Valid,Fixation
2022-11-18 14:14:56.443980,,Eye Tracker,516.0,926.0,Valid,Valid,Fixation
2022-11-18 14:14:56.460634,,Eye Tracker,518.0,925.0,Valid,Valid,Fixation
2022-11-18 14:14:56.477289,,Eye Tracker,511.0,925.0,Valid,Valid,Fixation
2022-11-18 14:14:56.493944,,Eye Tracker,511.0,921.0,Valid,Valid,Fixation
2022-11-18 14:14:56.510598,,Eye Tracker,515.0,918.0,Valid,Valid,Fixation
2022-11-18 14:14:56.527254,,Eye Tracker,518.0,921.0,Valid,Valid,Fixation
2022-11-18 14:14:56.543909,,Eye Tracker,521.0,918.0,Valid,Valid,Fixation
2022-11-18 14:14:56.560563,,Eye Tracker,518.0,917.0,Valid,Valid,Fixation
2022-11-18 14:14:56.577218,,Eye Tracker,521.0,922.0,Valid,Valid,Fixation
2022-11-18 14:14:56.593873,,Eye Tracker,523.0,923.0,Valid,Valid,Fixation
2022-11-18 14:14:56.610527,,Eye Tracker,523.0,921.0,Valid,Valid,Fixation
2022-11-18 14:14:56.627182,,Eye Tracker,523.0,919.0,Valid,Valid,Fixation
2022-11-18 14:14:56.643837,,Eye Tracker,523.0,918.0,Valid,Valid,Fixation
2022-11-18 14:14:56.660492,,Eye Tracker,522.0,918.0,Valid,Valid,Fixation
2022-11-18 14:14:56.677147,,Eye Tracker,520.0,920.0,Valid,Valid,Fixation
2022-11-18 14:14:56.693802,,Eye Tracker,522.0,919.0,Valid,Valid,Fixation
2022-11-18 14:14:56.710457,,Eye Tracker,520.0,918.0,Valid,Valid,Fixation
2022-11-18 14:14:56.727111,,Eye Tracker,516.0,920.0,Valid,Valid,Fixation
2022-11-18 14:14:56.743766,,Eye Tracker,522.0,914.0,Valid,Valid,Fixation
2022-11-18 14:14:56.760421,,Eye Tracker,519.0,914.0,Valid,Valid,Fixation
2022-11-18 14:14:56.777075,,Eye Tracker,519.0,917.0,Valid,Valid,Fixation
2022-11-18 14:14:56.793730,,Eye Tracker,533.0,888.0,Valid,Valid,Saccade
2022-11-18 14:14:56.810386,,Eye Tracker,545.0,859.0,Valid,Valid,Saccade
2022-11-18 14:14:56.827040,,Eye Tracker,535.0,644.0,Valid,Valid,Saccade
2022-11-18 14:14:56.843695,,Eye Tracker,528.0,644.0,Valid,Valid,Fixation
2022-11-18 14:14:56.860350,,Eye Tracker,523.0,654.0,Valid,Valid,Fixation
2022-11-18 14:14:56.877004,,Eye Tracker,525.0,650.0,Valid,Valid,Fixation
2022-11-18 14:14:56.893659,,Eye Tracker,525.0,654.0,Valid,Valid,Fixation
2022-11-18 14:14:56.910314,,Eye Tracker,524.0,654.0,Valid,Valid,Fixation
2022-11-18 14:14:56.926968,,Eye Tracker,528.0,650.0,Valid,Valid,Fixation
2022-11-18 14:14:56.943624,,Eye Tracker,528.0,658.0,Valid,Valid,Fixation
2022-11-18 14:14:56.960279,,Eye Tracker,526.0,656.0,Valid,Valid,Fixation
2022-11-18 14:14:56.976934,,Eye Tracker,525.0,654.0,Valid,Valid,Fixation
2022-11-18 14:14:56.993588,,Eye Tracker,524.0,652.0,Valid,Valid,Fixation
2022-11-18 14:14:57.010243,,Eye Tracker,522.0,658.0,Valid,Valid,Fixation
2022-11-18 14:14:57.026898,,Eye Tracker,522.0,660.0,Valid,Valid,Fixation
2022-11-18 14:14:57.043552,,Eye Tracker,525.0,656.0,Valid,Valid,Fixation
2022-11-18 14:14:57.060207,,Eye Tracker,525.0,660.0,Valid,Valid,Fixation
2022-11-18 14:14:57.076862,,Eye Tracker,528.0,667.0,Valid,Valid,Fixation
2022-11-18 14:14:57.093517,,Eye Tracker,530.0,667.0,Valid,Valid,Fixation
2022-11-18 14:14:57.110172,,Eye Tracker,526.0,659.0,Valid,Valid,Fixation
2022-11-18 14:14:57.126827,,Eye Tracker,520.0,659.0,Valid,Valid,Fixation
2022-11-18 14:14:57.143481,,Eye Tracker,523.0,666.0,Valid,Valid,Fixation
2022-11-18 14:14:57.160136,,Eye Tracker,527.0,665.0,Valid,Valid,Fixation
2022-11-18 14:14:57.176791,,Eye Tracker,526.0,662.0,Valid,Valid,Fixation
2022-11-18 14:14:57.193445,,Eye Tracker,523.0,663.0,Valid,Valid,Fixation
2022-11-18 14:14:57.210100,,Eye Tracker,521.0,669.0,Valid,Valid,Fixation
2022-11-18 14:14:57.226756,,Eye Tracker,522.0,667.0,Valid,Valid,Fixation
2022-11-18 14:14:57.243411,,Eye Tracker,521.0,661.0,Valid,Valid,Fixation
2022-11-18 14:14:57.260065,,Eye Tracker,519.0,662.0,Valid,Valid,Fixation
2022-11-18 14:14:57.276720,,Eye Tracker,522.0,664.0,Valid,Valid,Fixation
2022-11-18 14:14:57.293375,,Eye Tracker,522.0,662.0,Valid,Valid,Fixation
2022-11-18 14:14:57.310029,,Eye Tracker,522.0,660.0,Valid,Valid,Fixation
2022-11-18 14:14:57.326684,,Eye Tracker,524.0,661.0,Valid,Valid,Fixation
2022-11-18 14:14:57.343339,,Eye Tracker,526.0,659.0,Valid,Valid,Fixation
2022-11-18 14:14:57.359993,,Eye Tracker,528.0,662.0,Valid,Valid,Fixation
2022-11-18 14:14:57.376649,,Eye Tracker,528.0,664.0,Valid,Valid,Fixation
2022-11-18 14:14:57.393304,,Eye Tracker,524.0,662.0,Valid,Valid,Fixation
2022-11-18 14:14:57.409958,,Eye Tracker,524.0,666.0,Valid,Valid,Fixation
2022-11-18 14:14:57.426613,,Eye Tracker,530.0,667.0,Valid,Valid,Fixation
2022-11-18 14:14:57.443268,,Eye Tracker,525.0,664.0,Valid,Valid,Fixation
2022-11-18 14:14:57.459922,,Eye Tracker,519.0,660.0,Valid,Valid,Fixation
2022-11-18 14:14:57.476577,,Eye Tracker,523.0,657.0,Valid,Valid,Fixation
2022-11-18 14:14:57.493232,,Eye Tracker,523.0,657.0,Valid,Valid,Fixation
2022-11-18 14:14:57.509888,,Eye Tracker,522.0,661.0,Valid,Valid,Fixation
2022-11-18 14:14:57.526542,,Eye Tracker,526.0,662.0,Valid,Valid,Fixation
2022-11-18 14:14:57.543197,,Eye Tracker,534.0,638.0,Valid,Valid,Saccade
2022-11-18 14:14:57.559852,,Eye Tracker,541.0,611.0,Valid,Valid,Saccade
2022-11-18 14:14:57.576506,,Eye Tracker,541.0,604.0,Valid,Valid,Fixation
2022-11-18 14:14:57.593161,,Eye Tracker,542.0,601.0,Valid,Valid,Fixation
2022-11-18 14:14:57.609816,,Eye Tracker,544.0,605.0,Valid,Valid,Fixation
2022-11-18 14:14:57.626470,,Eye Tracker,541.0,606.0,Valid,Valid,Fixation
2022-11-18 14:14:57.643125,,Eye Tracker,538.0,605.0,Valid,Valid,Fixation
2022-11-18 14:14:57.659781,,Eye Tracker,539.0,609.0,Valid,Valid,Fixation
2022-11-18 14:14:57.676435,,Eye Tracker,540.0,612.0,Valid,Valid,Fixation
2022-11-18 14:14:57.693090,,Eye Tracker,540.0,609.0,Valid,Valid,Fixation
2022-11-18 14:14:57.709745,,Eye Tracker,539.0,607.0,Valid,Valid,Fixation
2022-11-18 14:14:57.726399,,Eye Tracker,538.0,607.0,Valid,Valid,Fixation
2022-11-18 14:14:57.743054,,Eye Tracker,538.0,607.0,Valid,Valid,Fixation
2022-11-18 14:14:57.759709,,Eye Tracker,537.0,608.0,Valid,Valid,Fixation
2022-11-18 14:14:57.776364,,Eye Tracker,535.0,603.0,Valid,Valid,Fixation
2022-11-18 14:14:57.793019,,Eye Tracker,532.0,604.0,Valid,Valid,Fixation
2022-11-18 14:14:57.809674,,Eye Tracker,530.0,615.0,Valid,Valid,Fixation
2022-11-18 14:14:57.826329,,Eye Tracker,289.0,609.0,Valid,Valid,Saccade
2022-11-18 14:14:57.842983,,Eye Tracker,276.0,609.0,Valid,Valid,Fixation
2022-11-18 14:14:57.859638,,Eye Tracker,270.0,605.0,Valid,Valid,Fixation
2022-11-18 14:14:57.876293,,Eye Tracker,271.0,607.0,Valid,Valid,Fixation
2022-11-18 14:14:57.892947,,Eye Tracker,270.0,609.0,Valid,Valid,Fixation
2022-11-18 14:14:57.909602,,Eye Tracker,270.0,604.0,Valid,Valid,Fixation
2022-11-18 14:14:57.926257,,Eye Tracker,269.0,603.0,Valid,Valid,Fixation
2022-11-18 14:14:57.942912,,Eye Tracker,265.0,603.0,Valid,Valid,Fixation
2022-11-18 14:14:57.959567,,Eye Tracker,267.0,605.0,Valid,Valid,Fixation
2022-11-18 14:14:57.976222,,Eye Tracker,269.0,605.0,Valid,Valid,Fixation
2022-11-18 14:14:57.992876,,Eye Tracker,264.0,601.0,Valid,Valid,Fixation
2022-11-18 14:14:58.009531,,Eye Tracker,263.0,603.0,Valid,Valid,Fixation
2022-11-18 14:14:58.026186,,Eye Tracker,261.0,605.0,Valid,Valid,Fixation
2022-11-18 14:14:58.042841,,Eye Tracker,253.0,608.0,Valid,Valid,Fixation
2022-11-18 14:14:58.059495,,Eye Tracker,255.0,608.0,Valid,Valid,Fixation
2022-11-18 14:14:58.076151,,Eye Tracker,257.0,611.0,Valid,Valid,Fixation
2022-11-18 14:14:58.092806,,Eye Tracker,252.0,608.0,Valid,Valid,Fixation
2022-11-18 14:14:58.109460,,Eye Tracker,225.0,599.0,Valid,Valid,Saccade
2022-11-18 14:14:58.126115,,Eye Tracker,136.0,601.0,Valid,Valid,Saccade
2022-11-18 14:14:58.142770,,Eye Tracker,122.0,597.0,Valid,Valid,Fixation
2022-11-18 14:14:58.159424,,Eye Tracker,115.0,597.0,Valid,Valid,Fixation
2022-11-18 14:14:58.176079,,Eye Tracker,119.0,599.0,Valid,Valid,Fixation
2022-11-18 14:14:58.192734,,Eye Tracker,117.0,599.0,Valid,Valid,Fixation
2022-11-18 14:14:58.209388,,Eye Tracker,111.0,601.0,Valid,Valid,Fixation
2022-11-18 14:14:58.226044,,Eye Tracker,110.0,600.0,Valid,Valid,Fixation
2022-11-18 14:14:58.242699,,Eye Tracker,107.0,597.0,Valid,Valid,Fixation
2022-11-18 14:14:58.259353,,Eye Tracker,106.0,596.0,Valid,Valid,Fixation
2022-11-18 14:14:58.276008,,Eye Tracker,106.0,599.0,Valid,Valid,Fixation
2022-11-18 14:14:58.292663,,Eye Tracker,105.0,600.0,Valid,Valid,Fixation
2022-11-18 14:14:58.309318,,Eye Tracker,103.0,600.0,Valid,Valid,Fixation
2022-11-18 14:14:58.325972,,Eye Tracker,103.0,601.0,Valid,Valid,Fixation
2022-11-18 14:14:58.342627,,Eye Tracker,103.0,598.0,Valid,Valid,Fixation
2022-11-18 14:14:58.359283,,Eye Tracker,104.0,598.0,Valid,Valid,Fixation
2022-11-18 14:14:58.375937,,Eye Tracker,107.0,595.0,Valid,Valid,Fixation
2022-11-18 14:14:58.392592,,Eye Tracker,107.0,595.0,Valid,Valid,Fixation
2022-11-18 14:14:58.409247,,Eye Tracker,106.0,593.0,Valid,Valid,Fixation
2022-11-18 14:14:58.425901,,Eye Tracker,106.0,592.0,Valid,Valid,Fixation
2022-11-18 14:14:58.442556,,Eye Tracker,102.0,592.0,Valid,Valid,Fixation
2022-11-18 14:14:58.459211,,Eye Tracker,100.0,590.0,Valid,Valid,Fixation
2022-11-18 14:14:58.475865,,Eye Tracker,96.0,588.0,Valid,Valid,Fixation
2022-11-18 14:14:58.492520,,Eye Tracker,94.0,587.0,Valid,Valid,Fixation
2022-11-18 14:14:58.509176,,Eye Tracker,102.0,577.0,Valid,Valid,Fixation
2022-11-18 14:14:58.525830,,Eye Tracker,76.0,417.0,Valid,Valid,Saccade
2022-11-18 14:14:58.542485,,Eye Tracker,98.0,337.0,Valid,Valid,Saccade
2022-11-18 14:14:58.559140,,Eye Tracker,108.0,288.0,Valid,Valid,Saccade
2022-11-18 14:14:58.575795,,Eye Tracker,102.0,283.0,Valid,Valid,Fixation
2022-11-18 14:14:58.592449,,Eye Tracker,102.0,277.0,Valid,Valid,Fixation
2022-11-18 14:14:58.609104,,Eye Tracker,96.0,276.0,Valid,Valid,Fixation
2022-11-18 14:14:58.625759,,Eye Tracker,93.0,274.0,Valid,Valid,Fixation
2022-11-18 14:14:58.642414,,Eye Tracker,92.0,273.0,Valid,Valid,Fixation
2022-11-18 14:14:58.659069,,Eye Tracker,87.0,267.0,Valid,Valid,Fixation
2022-11-18 14:14:58.675724,,Eye Tracker,80.0,258.0,Valid,Valid,Fixation
2022-11-18 14:14:58.692378,,Eye Tracker,80.0,255.0,Valid,Valid,Fixation
2022-11-18 14:14:58.709033,,Eye Tracker,77.0,258.0,Valid,Valid,Fixation
2022-11-18 14:14:58.725688,,Eye Tracker,75.0,256.0,Valid,Valid,Fixation
2022-11-18 14:14:58.742342,,Eye Tracker,74.0,252.0,Valid,Valid,Fixation
2022-11-18 14:14:58.758997,,Eye Tracker,70.0,247.0,Valid,Valid,Fixation
2022-11-18 14:14:58.775652,,Eye Tracker,65.0,239.0,Valid,Valid,Fixation
2022-11-18 14:14:58.792307,,Eye Tracker,63.0,238.0,Valid,Valid,Fixation
2022-11-18 14:14:58.808962,,Eye Tracker,62.0,243.0,Valid,Valid,Fixation
2022-11-18 14:14:58.825617,,Eye Tracker,62.0,241.0,Valid,Valid,Fixation
2022-11-18 14:14:58.842272,,Eye Tracker,52.0,201.0,Valid,Valid,Saccade
2022-11-18 14:14:58.858926,,Eye Tracker,53.0,144.0,Valid,Valid,Saccade
2022-11-18 14:14:58.875581,,Eye Tracker,45.0,97.0,Valid,Valid,Saccade
2022-11-18 14:14:58.892236,,Eye Tracker,52.0,88.0,Valid,Valid,Fixation
2022-11-18 14:14:58.908890,,Eye Tracker,54.0,93.0,Valid,Valid,Fixation
2022-11-18 14:14:58.925545,,Eye Tracker,50.0,95.0,Valid,Valid,Fixation
2022-11-18 14:14:58.942201,,Eye Tracker,49.0,95.0,Valid,Valid,Fixation
2022-11-18 14:14:58.958855,,Eye Tracker,49.0,97.0,Valid,Valid,Fixation
2022-11-18 14:14:58.975510,,Eye Tracker,56.0,94.0,Valid,Valid,Fixation
2022-11-18 14:14:58.992165,,Eye Tracker,59.0,96.0,Valid,Valid,Fixation
2022-11-18 14:14:59.008819,,Eye Tracker,55.0,97.0,Valid,Valid,Fixation
2022-11-18 14:14:59.025474,,Eye Tracker,49.0,99.0,Valid,Valid,Fixation
2022-11-18 14:14:59.042129,,Eye Tracker,57.0,95.0,Valid,Valid,Fixation
2022-11-18 14:14:59.058783,,Eye Tracker,64.0,94.0,Valid,Valid,Fixation
2022-11-18 14:14:59.075439,,Eye Tracker,56.0,96.0,Valid,Valid,Fixation
2022-11-18 14:14:59.092094,,Eye Tracker,51.0,96.0,Valid,Valid,Fixation
2022-11-18 14:14:59.108749,,Eye Tracker,50.0,95.0,Valid,Valid,Fixation
2022-11-18 14:14:59.125403,,Eye Tracker,52.0,95.0,Valid,Valid,Fixation
2022-11-18 14:14:59.142058,,Eye Tracker,54.0,97.0,Valid,Valid,Fixation
2022-11-18 14:14:59.158713,,Eye Tracker,56.0,97.0,Valid,Valid,Fixation
2022-11-18 14:14:59.175367,,Eye Tracker,62.0,97.0,Valid,Valid,Fixation
2022-11-18 14:14:59.192022,,Eye Tracker,64.0,101.0,Valid,Valid,Fixation
2022-11-18 14:14:59.208677,,Eye Tracker,65.0,101.0,Valid,Valid,Fixation
2022-11-18 14:14:59.225332,,Eye Tracker,67.0,102.0,Valid,Valid,Fixation
2022-11-18 14:14:59.241987,,Eye Tracker,70.0,95.0,Valid,Valid,Fixation
2022-11-18 14:14:59.258642,,Eye Tracker,67.0,96.0,Valid,Valid,Fixation
2022-11-18 14:14:59.275296,,Eye Tracker,59.0,103.0,Valid,Valid,Fixation
2022-11-18 14:14:59.291951,,Eye Tracker,58.0,100.0,Valid,Valid,Fixation
2022-11-18 14:14:59.308606,,Eye Tracker,64.0,100.0,Valid,Valid,Fixation
2022-11-18 14:14:59.325260,,Eye Tracker,69.0,100.0,Valid,Valid,Fixation
2022-11-18 14:14:59.341915,,Eye Tracker,65.0,102.0,Valid,Valid,Fixation
2022-11-18 14:14:59.358571,,Eye Tracker,68.0,103.0,Valid,Valid,Fixation
2022-11-18 14:14:59.375226,,Eye Tracker,74.0,100.0,Valid,Valid,Fixation
2022-11-18 14:14:59.391880,,Eye Tracker,106.0,94.0,Valid,Valid,Saccade
2022-11-18 14:14:59.408535,,Eye Tracker,260.0,80.0,Valid,Valid,Saccade
2022-11-18 14:14:59.425190,,Eye Tracker,266.0,62.0,Valid,Valid,Fixation
2022-11-18 14:14:59.441844,,Eye Tracker,261.0,60.0,Valid,Valid,Fixation
2022-11-18 14:14:59.458499,,Eye Tracker,258.0,62.0,Valid,Valid,Fixation
2022-11-18 14:14:59.475154,,Eye Tracker,257.0,64.0,Valid,Valid,Fixation
2022-11-18 14:14:59.491808,,Eye Tracker,258.0,63.0,Valid,Valid,Fixation
2022-11-18 14:14:59.508464,,Eye Tracker,260.0,60.0,Valid,Valid,Fixation
2022-11-18 14:14:59.525119,,Eye Tracker,259.0,58.0,Valid,Valid,Fixation
2022-11-18 14:14:59.541773,,Eye Tracker,256.0,58.0,Valid,Valid,Fixation
2022-11-18 14:14:59.558428,,Eye Tracker,254.0,55.0,Valid,Valid,Fixation
2022-11-18 14:14:59.575083,,Eye Tracker,258.0,52.0,Valid,Valid,Fixation
2022-11-18 14:14:59.591737,,Eye Tracker,262.0,51.0,Valid,Valid,Fixation
2022-11-18 14:14:59.608392,,Eye Tracker,265.0,49.0,Valid,Valid,Fixation
2022-11-18 14:14:59.625047,,Eye Tracker,267.0,47.0,Valid,Valid,Fixation
2022-11-18 14:14:59.641703,,Eye Tracker,267.0,48.0,Valid,Valid,Fixation
2022-11-18 14:14:59.658357,,Eye Tracker,270.0,45.0,Valid,Valid,Fixation
2022-11-18 14:14:59.675012,,Eye Tracker,268.0,42.0,Valid,Valid,Fixation
2022-11-18 14:14:59.691667,,Eye Tracker,276.0,36.0,Valid,Valid,Fixation
2022-11-18 14:14:59.708321,,Eye Tracker,284.0,6.0,Valid,Valid,Saccade
2022-11-18 14:14:59.724976,,Eye Tracker,,,Invalid,Invalid,EyesNotFound
2022-11-18 14:14:59.741631,,Eye Tracker,679.0,-11.0,Valid,Valid,Fixation
2022-11-18 14:14:59.758285,,Eye Tracker,697.0,-20.0,Valid,Valid,Fixation
2022-11-18 14:14:59.774940,,Eye Tracker,701.0,-23.0,Valid,Valid,Fixation
2022-11-18 14:14:59.791596,,Eye Tracker,700.0,-17.0,Valid,Valid,Fixation
2022-11-18 14:14:59.808250,,Eye Tracker,704.0,-19.0,Valid,Valid,Fixation
2022-11-18 14:14:59.824905,,Eye Tracker,708.0,-16.0,Valid,Valid,Fixation
2022-11-18 14:14:59.841560,,Eye Tracker,712.0,-5.0,Valid,Valid,Fixation
2022-11-18 14:14:59.858214,,Eye Tracker,709.0,0.0,Valid,Valid,Fixation
2022-11-18 14:14:59.874869,,Eye Tracker,709.0,5.0,Valid,Valid,Fixation
2022-11-18 14:14:59.891524,,Eye Tracker,718.0,7.0,Valid,Valid,Fixation
2022-11-18 14:14:59.908179,,Eye Tracker,726.0,10.0,Valid,Valid,Fixation
2022-11-18 14:14:59.924834,,Eye Tracker,723.0,12.0,Valid,Valid,Fixation
2022-11-18 14:14:59.941488,,Eye Tracker,758.0,14.0,Valid,Valid,Saccade
2022-11-18 14:14:59.958143,,Eye Tracker,816.0,22.0,Valid,Valid,Saccade
2022-11-18 14:14:59.974797,,Eye Tracker,1001.0,64.0,Valid,Valid,Saccade
2022-11-18 14:14:59.991452,,Eye Tracker,1023.0,57.0,Valid,Valid,Fixation
2022-11-18 14:15:00.008107,,Eye Tracker,1022.0,55.0,Valid,Valid,Fixation
2022-11-18 14:15:00.024761,,Eye Tracker,1022.0,58.0,Valid,Valid,Fixation
2022-11-18 14:15:00.041416,,Eye Tracker,1025.0,66.0,Valid,Valid,Fixation
2022-11-18 14:15:00.058071,,Eye Tracker,1025.0,68.0,Valid,Valid,Fixation
2022-11-18 14:15:00.074726,,Eye Tracker,1024.0,67.0,Valid,Valid,Fixation
2022-11-18 14:15:00.091381,,Eye Tracker,1024.0,71.0,Valid,Valid,Fixation
2022-11-18 14:15:00.108036,,Eye Tracker,1020.0,72.0,Valid,Valid,Fixation
2022-11-18 14:15:00.124690,,Eye Tracker,1023.0,73.0,Valid,Valid,Fixation
2022-11-18 14:15:00.141345,,Eye Tracker,1027.0,78.0,Valid,Valid,Fixation
2022-11-18 14:15:00.158000,,Eye Tracker,1025.0,81.0,Valid,Valid,Fixation
2022-11-18 14:15:00.174655,,Eye Tracker,1022.0,79.0,Valid,Valid,Fixation
2022-11-18 14:15:00.191309,,Eye Tracker,1020.0,79.0,Valid,Valid,Fixation
2022-11-18 14:15:00.207965,,Eye Tracker,1020.0,83.0,Valid,Valid,Fixation
2022-11-18 14:15:00.224620,,Eye Tracker,1015.0,86.0,Valid,Valid,Fixation
2022-11-18 14:15:00.241274,,Eye Tracker,1016.0,86.0,Valid,Valid,Fixation
2022-11-18 14:15:00.257929,,Eye Tracker,1022.0,89.0,Valid,Valid,Fixation
2022-11-18 14:15:00.274584,,Eye Tracker,1024.0,92.0,Valid,Valid,Fixation
2022-11-18 14:15:00.291238,,Eye Tracker,1023.0,93.0,Valid,Valid,Fixation
2022-11-18 14:15:00.307893,,Eye Tracker,1019.0,91.0,Valid,Valid,Fixation
2022-11-18 14:15:00.324548,,Eye Tracker,1019.0,92.0,Valid,Valid,Fixation
2022-11-18 14:15:00.341202,,Eye Tracker,1023.0,91.0,Valid,Valid,Fixation
2022-11-18 14:15:00.357858,,Eye Tracker,1025.0,93.0,Valid,Valid,Fixation
2022-11-18 14:15:00.374513,,Eye Tracker,1027.0,100.0,Valid,Valid,Fixation
2022-11-18 14:15:00.391167,,Eye Tracker,1020.0,100.0,Valid,Valid,Fixation
2022-11-18 14:15:00.407822,,Eye Tracker,1024.0,101.0,Valid,Valid,Fixation
2022-11-18 14:15:00.424477,,Eye Tracker,1028.0,100.0,Valid,Valid,Fixation
2022-11-18 14:15:00.441132,,Eye Tracker,1027.0,99.0,Valid,Valid,Fixation
2022-11-18 14:15:00.457786,,Eye Tracker,1029.0,97.0,Valid,Valid,Fixation
2022-11-18 14:15:00.474441,,Eye Tracker,1030.0,97.0,Valid,Valid,Fixation
2022-11-18 14:15:00.491097,,Eye Tracker,1030.0,100.0,Valid,Valid,Fixation
2022-11-18 14:15:00.507750,,Eye Tracker,1034.0,103.0,Valid,Valid,Fixation
2022-11-18 14:15:00.524406,,Eye Tracker,1038.0,102.0,Valid,Valid,Fixation
2022-11-18 14:15:00.541061,,Eye Tracker,1040.0,102.0,Valid,Valid,Fixation
2022-11-18 14:15:00.557715,,Eye Tracker,1040.0,105.0,Valid,Valid,Fixation
2022-11-18 14:15:00.574369,,Eye Tracker,1039.0,107.0,Valid,Valid,Fixation
2022-11-18 14:15:00.591024,,Eye Tracker,1038.0,110.0,Valid,Valid,Fixation
2022-11-18 14:15:00.607678,,Eye Tracker,1034.0,107.0,Valid,Valid,Fixation
2022-11-18 14:15:00.624333,,Eye Tracker,1037.0,106.0,Valid,Valid,Fixation
2022-11-18 14:15:00.640989,,Eye Tracker,1039.0,103.0,Valid,Valid,Fixation
2022-11-18 14:15:00.657643,,Eye Tracker,1039.0,102.0,Valid,Valid,Fixation
2022-11-18 14:15:00.674298,,Eye Tracker,1037.0,107.0,Valid,Valid,Fixation
2022-11-18 14:15:00.690953,,Eye Tracker,1038.0,105.0,Valid,Valid,Fixation
2022-11-18 14:15:00.707608,,Eye Tracker,1037.0,110.0,Valid,Valid,Fixation
2022-11-18 14:15:00.724262,,Eye Tracker,1036.0,115.0,Valid,Valid,Fixation
2022-11-18 14:15:00.740917,,Eye Tracker,1042.0,119.0,Valid,Valid,Fixation
2022-11-18 14:15:00.757572,,Eye Tracker,1042.0,127.0,Valid,Valid,Fixation
2022-11-18 14:15:00.774227,,Eye Tracker,1040.0,134.0,Valid,Valid,Fixation
2022-11-18 14:15:00.790882,,Eye Tracker,1041.0,131.0,Valid,Valid,Fixation
2022-11-18 14:15:00.807537,,Eye Tracker,1043.0,129.0,Valid,Valid,Fixation
2022-11-18 14:15:00.824191,,Eye Tracker,1039.0,132.0,Valid,Valid,Fixation
2022-11-18 14:15:00.840846,,Eye Tracker,1040.0,132.0,Valid,Valid,Fixation
2022-11-18 14:15:00.857501,,Eye Tracker,1046.0,132.0,Valid,Valid,Fixation
2022-11-18 14:15:00.874155,,Eye Tracker,1052.0,137.0,Valid,Valid,Fixation
2022-11-18 14:15:00.890810,,Eye Tracker,1065.0,191.0,Valid,Valid,Saccade
2022-11-18 14:15:00.907465,,Eye Tracker,1061.0,261.0,Valid,Valid,Saccade
2022-11-18 14:15:00.924120,,Eye Tracker,1048.0,282.0,Valid,Valid,Saccade
2022-11-18 14:15:00.940775,,Eye Tracker,1052.0,281.0,Valid,Valid,Fixation
2022-11-18 14:15:00.957430,,Eye Tracker,1050.0,285.0,Valid,Valid,Fixation
2022-11-18 14:15:00.974085,,Eye Tracker,1048.0,284.0,Valid,Valid,Fixation
2022-11-18 14:15:00.990739,,Eye Tracker,1052.0,284.0,Valid,Valid,Fixation
2022-11-18 14:15:01.007394,,Eye Tracker,1051.0,291.0,Valid,Valid,Fixation
2022-11-18 14:15:01.024049,,Eye Tracker,1050.0,289.0,Valid,Valid,Fixation
2022-11-18 14:15:01.040703,,Eye Tracker,1052.0,290.0,Valid,Valid,Fixation
2022-11-18 14:15:01.057358,,Eye Tracker,1050.0,296.0,Valid,Valid,Fixation
2022-11-18 14:15:01.074013,,Eye Tracker,1047.0,294.0,Valid,Valid,Fixation
2022-11-18 14:15:01.090668,,Eye Tracker,1045.0,296.0,Valid,Valid,Fixation
2022-11-18 14:15:01.107323,,Eye Tracker,1047.0,307.0,Valid,Valid,Fixation
2022-11-18 14:15:01.123978,,Eye Tracker,1046.0,308.0,Valid,Valid,Fixation
2022-11-18 14:15:01.140632,,Eye Tracker,1042.0,307.0,Valid,Valid,Fixation
2022-11-18 14:15:01.157287,,Eye Tracker,1042.0,309.0,Valid,Valid,Fixation
2022-11-18 14:15:01.173942,,Eye Tracker,1049.0,310.0,Valid,Valid,Fixation
2022-11-18 14:15:01.190595,,Eye Tracker,1050.0,313.0,Valid,Valid,Fixation
2022-11-18 14:15:01.207251,,Eye Tracker,1048.0,315.0,Valid,Valid,Fixation
2022-11-18 14:15:01.223906,,Eye Tracker,1049.0,316.0,Valid,Valid,Fixation
2022-11-18 14:15:01.240561,,Eye Tracker,1047.0,318.0,Valid,Valid,Fixation
2022-11-18 14:15:01.257215,,Eye Tracker,1048.0,320.0,Valid,Valid,Fixation
2022-11-18 14:15:01.273870,,Eye Tracker,1051.0,325.0,Valid,Valid,Fixation
2022-11-18 14:15:01.290525,,Eye Tracker,1049.0,328.0,Valid,Valid,Fixation
2022-11-18 14:15:01.307179,,Eye Tracker,1059.0,352.0,Valid,Valid,Saccade
2022-11-18 14:15:01.323834,,Eye Tracker,1052.0,409.0,Valid,Valid,Saccade
2022-11-18 14:15:01.340490,,Eye Tracker,1034.0,453.0,Valid,Valid,Saccade
2022-11-18 14:15:01.357144,,Eye Tracker,1033.0,462.0,Valid,Valid,Fixation
2022-11-18 14:15:01.373799,,Eye Tracker,1035.0,466.0,Valid,Valid,Fixation
2022-11-18 14:15:01.390454,,Eye Tracker,1036.0,465.0,Valid,Valid,Fixation
2022-11-18 14:15:01.407108,,Eye Tracker,1035.0,467.0,Valid,Valid,Fixation
2022-11-18 14:15:01.423763,,Eye Tracker,1039.0,462.0,Valid,Valid,Fixation
2022-11-18 14:15:01.440418,,Eye Tracker,1036.0,462.0,Valid,Valid,Fixation
2022-11-18 14:15:01.457072,,Eye Tracker,1032.0,466.0,Valid,Valid,Fixation
2022-11-18 14:15:01.473727,,Eye Tracker,1033.0,463.0,Valid,Valid,Fixation
2022-11-18 14:15:01.490383,,Eye Tracker,1032.0,463.0,Valid,Valid,Fixation
2022-11-18 14:15:01.507038,,Eye Tracker,1030.0,464.0,Valid,Valid,Fixation
2022-11-18 14:15:01.523692,,Eye Tracker,1027.0,468.0,Valid,Valid,Fixation
2022-11-18 14:15:01.540347,,Eye Tracker,1024.0,469.0,Valid,Valid,Fixation
2022-11-18 14:15:01.557002,,Eye Tracker,1026.0,470.0,Valid,Valid,Fixation
2022-11-18 14:15:01.573656,,Eye Tracker,1028.0,469.0,Valid,Valid,Fixation
2022-11-18 14:15:01.590311,,Eye Tracker,1025.0,472.0,Valid,Valid,Fixation
2022-11-18 14:15:01.606966,,Eye Tracker,1028.0,473.0,Valid,Valid,Fixation
2022-11-18 14:15:01.623620,,Eye Tracker,1034.0,468.0,Valid,Valid,Fixation
2022-11-18 14:15:01.640275,,Eye Tracker,1032.0,469.0,Valid,Valid,Fixation
2022-11-18 14:15:01.656931,,Eye Tracker,1029.0,472.0,Valid,Valid,Fixation
2022-11-18 14:15:01.673585,,Eye Tracker,1028.0,478.0,Valid,Valid,Fixation
2022-11-18 14:15:01.690240,,Eye Tracker,1031.0,475.0,Valid,Valid,Fixation
2022-11-18 14:15:01.706895,,Eye Tracker,1033.0,469.0,Valid,Valid,Fixation
2022-11-18 14:15:01.723549,,Eye Tracker,1029.0,473.0,Valid,Valid,Fixation
2022-11-18 14:15:01.740204,,Eye Tracker,1028.0,480.0,Valid,Valid,Fixation
2022-11-18 14:15:01.756859,,Eye Tracker,1031.0,483.0,Valid,Valid,Fixation
2022-11-18 14:15:01.773514,,Eye Tracker,1031.0,482.0,Valid,Valid,Fixation
2022-11-18 14:15:01.790168,,Eye Tracker,1027.0,480.0,Valid,Valid,Fixation
2022-11-18 14:15:01.806824,,Eye Tracker,1028.0,480.0,Valid,Valid,Fixation
2022-11-18 14:15:01.823478,,Eye Tracker,1030.0,481.0,Valid,Valid,Fixation
2022-11-18 14:15:01.840132,,Eye Tracker,1026.0,478.0,Valid,Valid,Fixation
2022-11-18 14:15:01.856787,,Eye Tracker,1021.0,481.0,Valid,Valid,Fixation
2022-11-18 14:15:01.873442,,Eye Tracker,1025.0,480.0,Valid,Valid,Fixation
2022-11-18 14:15:01.890096,,Eye Tracker,1026.0,480.0,Valid,Valid,Fixation
2022-11-18 14:15:01.906752,,Eye Tracker,1022.0,486.0,Valid,Valid,Fixation
2022-11-18 14:15:01.923407,,Eye Tracker,964.0,506.0,Valid,Valid,Saccade
2022-11-18 14:15:01.940061,,Eye Tracker,870.0,530.0,Valid,Valid,Saccade
2022-11-18 14:15:01.956716,,Eye Tracker,842.0,532.0,Valid,Valid,Saccade
2022-11-18 14:15:01.973371,,Eye Tracker,837.0,531.0,Valid,Valid,Fixation
2022-11-18 14:15:01.990025,,Eye Tracker,837.0,529.0,Valid,Valid,Fixation
2022-11-18 14:15:02.006680,,Eye Tracker,835.0,528.0,Valid,Valid,Fixation
2022-11-18 14:15:02.023335,,Eye Tracker,833.0,532.0,Valid,Valid,Fixation
2022-11-18 14:15:02.039990,,Eye Tracker,829.0,531.0,Valid,Valid,Fixation
2022-11-18 14:15:02.056645,,Eye Tracker,832.0,526.0,Valid,Valid,Fixation
2022-11-18 14:15:02.073300,,Eye Tracker,837.0,529.0,Valid,Valid,Fixation
2022-11-18 14:15:02.089955,,Eye Tracker,835.0,527.0,Valid,Valid,Fixation
2022-11-18 14:15:02.106609,,Eye Tracker,831.0,526.0,Valid,Valid,Fixation
2022-11-18 14:15:02.123264,,Eye Tracker,832.0,526.0,Valid,Valid,Fixation
2022-11-18 14:15:02.139919,,Eye Tracker,834.0,529.0,Valid,Valid,Fixation
2022-11-18 14:15:02.156573,,Eye Tracker,831.0,528.0,Valid,Valid,Fixation
2022-11-18 14:15:02.173228,,Eye Tracker,831.0,524.0,Valid,Valid,Fixation
2022-11-18 14:15:02.189883,,Eye Tracker,830.0,530.0,Valid,Valid,Fixation
2022-11-18 14:15:02.206537,,Eye Tracker,826.0,527.0,Valid,Valid,Fixation
2022-11-18 14:15:02.223193,,Eye Tracker,828.0,523.0,Valid,Valid,Fixation
2022-11-18 14:15:02.239848,,Eye Tracker,827.0,527.0,Valid,Valid,Fixation
2022-11-18 14:15:02.256502,,Eye Tracker,827.0,529.0,Valid,Valid,Fixation
2022-11-18 14:15:02.273157,,Eye Tracker,827.0,530.0,Valid,Valid,Fixation
2022-11-18 14:15:02.289812,,Eye Tracker,827.0,530.0,Valid,Valid,Fixation
2022-11-18 14:15:02.306467,,Eye Tracker,830.0,528.0,Valid,Valid,Fixation
2022-11-18 14:15:02.323121,,Eye Tracker,828.0,527.0,Valid,Valid,Fixation
2022-11-18 14:15:02.339776,,Eye Tracker,826.0,528.0,Valid,Valid,Fixation
2022-11-18 14:15:02.356431,,Eye Tracker,826.0,529.0,Valid,Valid,Fixation
2022-11-18 14:15:02.373086,,Eye Tracker,826.0,527.0,Valid,Valid,Fixation
2022-11-18 14:15:02.389741,,Eye Tracker,825.0,528.0,Valid,Valid,Fixation
2022-11-18 14:15:02.406396,,Eye Tracker,826.0,533.0,Valid,Valid,Fixation
2022-11-18 14:15:02.423050,,Eye Tracker,828.0,534.0,Valid,Valid,Fixation
2022-11-18 14:15:02.439704,,Eye Tracker,825.0,531.0,Valid,Valid,Fixation
2022-11-18 14:15:02.456359,,Eye Tracker,821.0,528.0,Valid,Valid,Fixation
2022-11-18 14:15:02.473014,,Eye Tracker,825.0,534.0,Valid,Valid,Fixation
2022-11-18 14:15:02.489669,,Eye Tracker,823.0,535.0,Valid,Valid,Fixation
2022-11-18 14:15:02.506324,,Eye Tracker,822.0,536.0,Valid,Valid,Fixation
2022-11-18 14:15:02.522978,,Eye Tracker,826.0,533.0,Valid,Valid,Fixation
2022-11-18 14:15:02.539633,,Eye Tracker,822.0,532.0,Valid,Valid,Fixation
2022-11-18 14:15:02.556288,,Eye Tracker,822.0,535.0,Valid,Valid,Fixation
2022-11-18 14:15:02.572943,,Eye Tracker,819.0,529.0,Valid,Valid,Fixation
2022-11-18 14:15:02.589597,,Eye Tracker,814.0,533.0,Valid,Valid,Fixation
2022-11-18 14:15:02.606252,,Eye Tracker,814.0,536.0,Valid,Valid,Fixation
2022-11-18 14:15:02.622908,,Eye Tracker,816.0,532.0,Valid,Valid,Fixation
2022-11-18 14:15:02.639562,,Eye Tracker,819.0,540.0,Valid,Valid,Fixation
2022-11-18 14:15:02.656217,,Eye Tracker,821.0,544.0,Valid,Valid,Fixation
2022-11-18 14:15:02.672872,,Eye Tracker,818.0,542.0,Valid,Valid,Fixation
2022-11-18 14:15:02.689526,,Eye Tracker,815.0,560.0,Valid,Valid,Fixation
2022-11-18 14:15:02.706181,,Eye Tracker,839.0,628.0,Valid,Valid,Saccade
2022-11-18 14:15:02.722836,,Eye Tracker,842.0,703.0,Valid,Valid,Saccade
2022-11-18 14:15:02.739490,,Eye Tracker,824.0,736.0,Valid,Valid,Saccade
2022-11-18 14:15:02.756145,,Eye Tracker,822.0,747.0,Valid,Valid,Fixation
2022-11-18 14:15:02.772800,,Eye Tracker,823.0,745.0,Valid,Valid,Fixation
2022-11-18 14:15:02.789454,,Eye Tracker,827.0,746.0,Valid,Valid,Fixation
2022-11-18 14:15:02.806110,,Eye Tracker,826.0,749.0,Valid,Valid,Fixation
2022-11-18 14:15:02.822765,,Eye Tracker,826.0,748.0,Valid,Valid,Fixation
2022-11-18 14:15:02.839420,,Eye Tracker,818.0,747.0,Valid,Valid,Fixation
2022-11-18 14:15:02.856074,,Eye Tracker,820.0,747.0,Valid,Valid,Fixation
2022-11-18 14:15:02.872729,,Eye Tracker,824.0,747.0,Valid,Valid,Fixation
2022-11-18 14:15:02.889384,,Eye Tracker,821.0,748.0,Valid,Valid,Fixation
2022-11-18 14:15:02.906038,,Eye Tracker,822.0,750.0,Valid,Valid,Fixation
2022-11-18 14:15:02.922693,,Eye Tracker,823.0,748.0,Valid,Valid,Fixation
2022-11-18 14:15:02.939349,,Eye Tracker,826.0,750.0,Valid,Valid,Fixation
2022-11-18 14:15:02.956003,,Eye Tracker,823.0,753.0,Valid,Valid,Fixation
2022-11-18 14:15:02.972658,,Eye Tracker,823.0,753.0,Valid,Valid,Fixation
2022-11-18 14:15:02.989313,,Eye Tracker,824.0,756.0,Valid,Valid,Fixation
2022-11-18 14:15:03.005967,,Eye Tracker,824.0,761.0,Valid,Valid,Fixation
2022-11-18 14:15:03.022622,,Eye Tracker,822.0,761.0,Valid,Valid,Fixation
2022-11-18 14:15:03.039277,,Eye Tracker,821.0,759.0,Valid,Valid,Fixation
2022-11-18 14:15:03.055931,,Eye Tracker,822.0,761.0,Valid,Valid,Fixation
2022-11-18 14:15:03.072586,,Eye Tracker,821.0,764.0,Valid,Valid,Fixation
2022-11-18 14:15:03.089241,,Eye Tracker,822.0,767.0,Valid,Valid,Fixation
2022-11-18 14:15:03.105896,,Eye Tracker,819.0,773.0,Valid,Valid,Fixation
2022-11-18 14:15:03.122550,,Eye Tracker,817.0,775.0,Valid,Valid,Fixation
2022-11-18 14:15:03.139205,,Eye Tracker,819.0,771.0,Valid,Valid,Fixation
2022-11-18 14:15:03.155860,,Eye Tracker,801.0,791.0,Valid,Valid,Saccade
2022-11-18 14:15:03.172514,,Eye Tracker,787.0,849.0,Valid,Valid,Saccade
2022-11-18 14:15:03.189170,,Eye Tracker,795.0,891.0,Valid,Valid,Saccade
2022-11-18 14:15:03.205825,,Eye Tracker,802.0,903.0,Valid,Valid,Fixation
2022-11-18 14:15:03.222479,,Eye Tracker,801.0,902.0,Valid,Valid,Fixation
2022-11-18 14:15:03.239134,,Eye Tracker,795.0,901.0,Valid,Valid,Fixation
2022-11-18 14:15:03.255789,,Eye Tracker,795.0,905.0,Valid,Valid,Fixation
2022-11-18 14:15:03.272443,,Eye Tracker,799.0,903.0,Valid,Valid,Fixation
2022-11-18 14:15:03.289098,,Eye Tracker,802.0,903.0,Valid,Valid,Fixation
2022-11-18 14:15:03.305753,,Eye Tracker,801.0,909.0,Valid,Valid,Fixation
2022-11-18 14:15:03.322407,,Eye Tracker,800.0,909.0,Valid,Valid,Fixation
2022-11-18 14:15:03.339062,,Eye Tracker,804.0,908.0,Valid,Valid,Fixation
2022-11-18 14:15:03.355717,,Eye Tracker,803.0,909.0,Valid,Valid,Fixation
2022-11-18 14:15:03.372373,,Eye Tracker,801.0,909.0,Valid,Valid,Fixation
2022-11-18 14:15:03.389027,,Eye Tracker,801.0,911.0,Valid,Valid,Fixation
2022-11-18 14:15:03.405682,,Eye Tracker,799.0,911.0,Valid,Valid,Fixation
2022-11-18 14:15:03.422337,,Eye Tracker,802.0,913.0,Valid,Valid,Fixation
2022-11-18 14:15:03.438991,,Eye Tracker,806.0,914.0,Valid,Valid,Fixation
2022-11-18 14:15:03.455646,,Eye Tracker,806.0,911.0,Valid,Valid,Fixation
2022-11-18 14:15:03.472301,,Eye Tracker,805.0,916.0,Valid,Valid,Fixation
2022-11-18 14:15:03.488955,,Eye Tracker,807.0,913.0,Valid,Valid,Fixation
2022-11-18 14:15:03.505611,,Eye Tracker,807.0,916.0,Valid,Valid,Fixation
2022-11-18 14:15:03.522266,,Eye Tracker,805.0,921.0,Valid,Valid,Fixation
2022-11-18 14:15:03.538920,,Eye Tracker,803.0,918.0,Valid,Valid,Fixation
2022-11-18 14:15:03.555575,,Eye Tracker,803.0,920.0,Valid,Valid,Fixation
2022-11-18 14:15:03.572230,,Eye Tracker,807.0,923.0,Valid,Valid,Fixation
2022-11-18 14:15:03.588884,,Eye Tracker,808.0,918.0,Valid,Valid,Fixation
2022-11-18 14:15:03.605539,,Eye Tracker,807.0,921.0,Valid,Valid,Fixation
2022-11-18 14:15:03.622194,,Eye Tracker,806.0,929.0,Valid,Valid,Fixation
2022-11-18 14:15:03.638849,,Eye Tracker,802.0,929.0,Valid,Valid,Fixation
2022-11-18 14:15:03.655504,,Eye Tracker,803.0,926.0,Valid,Valid,Fixation
2022-11-18 14:15:03.672159,,Eye Tracker,809.0,930.0,Valid,Valid,Fixation
2022-11-18 14:15:03.688813,,Eye Tracker,805.0,930.0,Valid,Valid,Fixation
2022-11-18 14:15:03.705467,,Eye Tracker,849.0,943.0,Valid,Valid,Saccade
2022-11-18 14:15:03.722122,,Eye Tracker,922.0,960.0,Valid,Valid,Saccade
2022-11-18 14:15:03.738777,,Eye Tracker,938.0,954.0,Valid,Valid,Fixation
2022-11-18 14:15:03.755432,,Eye Tracker,931.0,953.0,Valid,Valid,Fixation
2022-11-18 14:15:03.772087,,Eye Tracker,929.0,958.0,Valid,Valid,Fixation
2022-11-18 14:15:03.788742,,Eye Tracker,934.0,957.0,Valid,Valid,Fixation
2022-11-18 14:15:03.805396,,Eye Tracker,936.0,954.0,Valid,Valid,Fixation
2022-11-18 14:15:03.822051,,Eye Tracker,937.0,953.0,Valid,Valid,Fixation
2022-11-18 14:15:03.838706,,Eye Tracker,941.0,953.0,Valid,Valid,Fixation
2022-11-18 14:15:03.855360,,Eye Tracker,939.0,950.0,Valid,Valid,Fixation
2022-11-18 14:15:03.872015,,Eye Tracker,937.0,949.0,Valid,Valid,Fixation
2022-11-18 14:15:03.888670,,Eye Tracker,936.0,955.0,Valid,Valid,Fixation
2022-11-18 14:15:03.905325,,Eye Tracker,936.0,954.0,Valid,Valid,Fixation
2022-11-18 14:15:03.921979,,Eye Tracker,934.0,952.0,Valid,Valid,Fixation
2022-11-18 14:15:03.938635,,Eye Tracker,934.0,953.0,Valid,Valid,Fixation
2022-11-18 14:15:03.955290,,Eye Tracker,931.0,957.0,Valid,Valid,Fixation
2022-11-18 14:15:03.971944,,Eye Tracker,928.0,955.0,Valid,Valid,Fixation
2022-11-18 14:15:03.988599,,Eye Tracker,931.0,954.0,Valid,Valid,Fixation
2022-11-18 14:15:04.005254,,Eye Tracker,983.0,957.0,Valid,Valid,Saccade
2022-11-18 14:15:04.021908,,Eye Tracker,1093.0,963.0,Valid,Valid,Saccade
2022-11-18 14:15:04.038563,,Eye Tracker,1189.0,955.0,Valid,Valid,Saccade
2022-11-18 14:15:04.055218,,Eye Tracker,1197.0,952.0,Valid,Valid,Fixation
2022-11-18 14:15:04.071873,,Eye Tracker,1201.0,945.0,Valid,Valid,Fixation
2022-11-18 14:15:04.088528,,Eye Tracker,1197.0,946.0,Valid,Valid,Fixation
2022-11-18 14:15:04.105183,,Eye Tracker,1196.0,947.0,Valid,Valid,Fixation
2022-11-18 14:15:04.121837,,Eye Tracker,1200.0,949.0,Valid,Valid,Fixation
2022-11-18 14:15:04.138492,,Eye Tracker,1194.0,955.0,Valid,Valid,Fixation
2022-11-18 14:15:04.155147,,Eye Tracker,1191.0,950.0,Valid,Valid,Fixation
2022-11-18 14:15:04.171802,,Eye Tracker,1191.0,946.0,Valid,Valid,Fixation
2022-11-18 14:15:04.188456,,Eye Tracker,1196.0,945.0,Valid,Valid,Fixation
2022-11-18 14:15:04.205111,,Eye Tracker,1197.0,947.0,Valid,Valid,Fixation
2022-11-18 14:15:04.221767,,Eye Tracker,1197.0,946.0,Valid,Valid,Fixation
2022-11-18 14:15:04.238421,,Eye Tracker,1206.0,941.0,Valid,Valid,Fixation
2022-11-18 14:15:04.255076,,Eye Tracker,1203.0,944.0,Valid,Valid,Fixation
2022-11-18 14:15:04.271731,,Eye Tracker,1197.0,946.0,Valid,Valid,Fixation
2022-11-18 14:15:04.288385,,Eye Tracker,1197.0,949.0,Valid,Valid,Fixation
2022-11-18 14:15:04.305040,,Eye Tracker,1196.0,949.0,Valid,Valid,Fixation
2022-11-18 14:15:04.321695,,Eye Tracker,1200.0,946.0,Valid,Valid,Fixation
2022-11-18 14:15:04.338349,,Eye Tracker,1200.0,943.0,Valid,Valid,Fixation
2022-11-18 14:15:04.355004,,Eye Tracker,1202.0,943.0,Valid,Valid,Fixation
2022-11-18 14:15:04.371659,,Eye Tracker,1204.0,944.0,Valid,Valid,Fixation
2022-11-18 14:15:04.388313,,Eye Tracker,1202.0,944.0,Valid,Valid,Fixation
2022-11-18 14:15:04.404968,,Eye Tracker,1227.0,938.0,Valid,Valid,Saccade
2022-11-18 14:15:04.421623,,Eye Tracker,1251.0,927.0,Valid,Valid,Saccade
2022-11-18 14:15:04.438278,,Eye Tracker,1250.0,925.0,Valid,Valid,Fixation
2022-11-18 14:15:04.454932,,Eye Tracker,1248.0,929.0,Valid,Valid,Fixation
2022-11-18 14:15:04.471587,,Eye Tracker,1246.0,928.0,Valid,Valid,Fixation
2022-11-18 14:15:04.488242,,Eye Tracker,1249.0,926.0,Valid,Valid,Fixation
2022-11-18 14:15:04.504897,,Eye Tracker,1253.0,925.0,Valid,Valid,Fixation
2022-11-18 14:15:04.521552,,Eye Tracker,1253.0,928.0,Valid,Valid,Fixation
2022-11-18 14:15:04.538207,,Eye Tracker,1251.0,935.0,Valid,Valid,Fixation
2022-11-18 14:15:04.554861,,Eye Tracker,1252.0,927.0,Valid,Valid,Fixation
2022-11-18 14:15:04.571516,,Eye Tracker,1251.0,928.0,Valid,Valid,Fixation
2022-11-18 14:15:04.588171,,Eye Tracker,1253.0,930.0,Valid,Valid,Fixation
2022-11-18 14:15:04.604825,,Eye Tracker,1251.0,922.0,Valid,Valid,Fixation
2022-11-18 14:15:04.621480,,Eye Tracker,1247.0,926.0,Valid,Valid,Fixation
2022-11-18 14:15:04.638135,,Eye Tracker,1245.0,930.0,Valid,Valid,Fixation
2022-11-18 14:15:04.654790,,Eye Tracker,1242.0,933.0,Valid,Valid,Fixation
2022-11-18 14:15:04.671445,,Eye Tracker,1247.0,926.0,Valid,Valid,Fixation
2022-11-18 14:15:04.688100,,Eye Tracker,1247.0,921.0,Valid,Valid,Fixation
2022-11-18 14:15:04.704755,,Eye Tracker,1245.0,926.0,Valid,Valid,Fixation
2022-11-18 14:15:04.721409,,Eye Tracker,1242.0,930.0,Valid,Valid,Fixation
2022-11-18 14:15:04.738064,,Eye Tracker,1250.0,927.0,Valid,Valid,Fixation
2022-11-18 14:15:04.754719,,Eye Tracker,1273.0,891.0,Valid,Valid,Saccade
2022-11-18 14:15:04.771373,,Eye Tracker,1282.0,850.0,Valid,Valid,Saccade
2022-11-18 14:15:04.788029,,Eye Tracker,1284.0,837.0,Valid,Valid,Fixation
2022-11-18 14:15:04.804684,,Eye Tracker,1283.0,836.0,Valid,Valid,Fixation
2022-11-18 14:15:04.821338,,Eye Tracker,1279.0,838.0,Valid,Valid,Fixation
2022-11-18 14:15:04.837993,,Eye Tracker,1277.0,836.0,Valid,Valid,Fixation
2022-11-18 14:15:04.854648,,Eye Tracker,1275.0,834.0,Valid,Valid,Fixation
2022-11-18 14:15:04.871302,,Eye Tracker,1275.0,839.0,Valid,Valid,Fixation
2022-11-18 14:15:04.887957,,Eye Tracker,1276.0,837.0,Valid,Valid,Fixation
2022-11-18 14:15:04.904612,,Eye Tracker,1275.0,833.0,Valid,Valid,Fixation
2022-11-18 14:15:04.921266,,Eye Tracker,1272.0,834.0,Valid,Valid,Fixation
2022-11-18 14:15:04.937922,,Eye Tracker,1276.0,834.0,Valid,Valid,Fixation
2022-11-18 14:15:04.954577,,Eye Tracker,1274.0,837.0,Valid,Valid,Fixation
2022-11-18 14:15:04.971232,,Eye Tracker,1271.0,836.0,Valid,Valid,Fixation
2022-11-18 14:15:04.987886,,Eye Tracker,1276.0,833.0,Valid,Valid,Fixation
2022-11-18 14:15:05.004541,,Eye Tracker,1280.0,835.0,Valid,Valid,Fixation
2022-11-18 14:15:05.021196,,Eye Tracker,1281.0,837.0,Valid,Valid,Fixation
2022-11-18 14:15:05.037850,,Eye Tracker,1277.0,833.0,Valid,Valid,Fixation
2022-11-18 14:15:05.054505,,Eye Tracker,1273.0,835.0,Valid,Valid,Fixation
2022-11-18 14:15:05.071161,,Eye Tracker,1274.0,836.0,Valid,Valid,Fixation
2022-11-18 14:15:05.087815,,Eye Tracker,1276.0,835.0,Valid,Valid,Fixation
2022-11-18 14:15:05.104470,,Eye Tracker,1276.0,832.0,Valid,Valid,Fixation
2022-11-18 14:15:05.121125,,Eye Tracker,1276.0,828.0,Valid,Valid,Fixation
2022-11-18 14:15:05.137779,,Eye Tracker,1279.0,830.0,Valid,Valid,Fixation
2022-11-18 14:15:05.154434,,Eye Tracker,1277.0,835.0,Valid,Valid,Fixation
2022-11-18 14:15:05.171089,,Eye Tracker,1273.0,830.0,Valid,Valid,Fixation
2022-11-18 14:15:05.187743,,Eye Tracker,1273.0,825.0,Valid,Valid,Fixation
2022-11-18 14:15:05.204398,,Eye Tracker,1272.0,817.0,Valid,Valid,Fixation
2022-11-18 14:15:05.221054,,Eye Tracker,1275.0,803.0,Valid,Valid,Fixation
2022-11-18 14:15:05.237709,,Eye Tracker,1296.0,737.0,Valid,Valid,Saccade
2022-11-18 14:15:05.254363,,Eye Tracker,1320.0,621.0,Valid,Valid,Saccade
2022-11-18 14:15:05.271018,,Eye Tracker,1328.0,582.0,Valid,Valid,Saccade
2022-11-18 14:15:05.287673,,Eye Tracker,1331.0,577.0,Valid,Valid,Fixation
2022-11-18 14:15:05.304327,,Eye Tracker,1333.0,571.0,Valid,Valid,Fixation
2022-11-18 14:15:05.320982,,Eye Tracker,1334.0,571.0,Valid,Valid,Fixation
2022-11-18 14:15:05.337637,,Eye Tracker,1334.0,573.0,Valid,Valid,Fixation
2022-11-18 14:15:05.354292,,Eye Tracker,1331.0,578.0,Valid,Valid,Fixation
2022-11-18 14:15:05.370947,,Eye Tracker,1332.0,575.0,Valid,Valid,Fixation
2022-11-18 14:15:05.387602,,Eye Tracker,1332.0,568.0,Valid,Valid,Fixation
2022-11-18 14:15:05.404256,,Eye Tracker,1333.0,577.0,Valid,Valid,Fixation
2022-11-18 14:15:05.420911,,Eye Tracker,1333.0,579.0,Valid,Valid,Fixation
2022-11-18 14:15:05.437566,,Eye Tracker,1334.0,576.0,Valid,Valid,Fixation
2022-11-18 14:15:05.454220,,Eye Tracker,1332.0,573.0,Valid,Valid,Fixation
2022-11-18 14:15:05.470875,,Eye Tracker,1331.0,570.0,Valid,Valid,Fixation
2022-11-18 14:15:05.487530,,Eye Tracker,1332.0,569.0,Valid,Valid,Fixation
2022-11-18 14:15:05.504186,,Eye Tracker,1329.0,568.0,Valid,Valid,Fixation
2022-11-18 14:15:05.520840,,Eye Tracker,1329.0,569.0,Valid,Valid,Fixation
2022-11-18 14:15:05.537495,,Eye Tracker,1333.0,565.0,Valid,Valid,Fixation
2022-11-18 14:15:05.554150,,Eye Tracker,1333.0,563.0,Valid,Valid,Fixation
2022-11-18 14:15:05.570804,,Eye Tracker,1333.0,563.0,Valid,Valid,Fixation
2022-11-18 14:15:05.587459,,Eye Tracker,1335.0,562.0,Valid,Valid,Fixation
2022-11-18 14:15:05.604114,,Eye Tracker,1338.0,563.0,Valid,Valid,Fixation
2022-11-18 14:15:05.620768,,Eye Tracker,1342.0,562.0,Valid,Valid,Fixation
2022-11-18 14:15:05.637424,,Eye Tracker,1337.0,558.0,Valid,Valid,Fixation
2022-11-18 14:15:05.654079,,Eye Tracker,1338.0,555.0,Valid,Valid,Fixation
2022-11-18 14:15:05.670733,,Eye Tracker,1336.0,554.0,Valid,Valid,Fixation
2022-11-18 14:15:05.687388,,Eye Tracker,1335.0,557.0,Valid,Valid,Fixation
2022-11-18 14:15:05.704043,,Eye Tracker,1339.0,559.0,Valid,Valid,Fixation
2022-11-18 14:15:05.720697,,Eye Tracker,1339.0,561.0,Valid,Valid,Fixation
2022-11-18 14:15:05.737352,,Eye Tracker,1337.0,561.0,Valid,Valid,Fixation
2022-11-18 14:15:05.754007,,Eye Tracker,1335.0,559.0,Valid,Valid,Fixation
2022-11-18 14:15:05.770662,,Eye Tracker,1338.0,563.0,Valid,Valid,Fixation
2022-11-18 14:15:05.787317,,Eye Tracker,1334.0,561.0,Valid,Valid,Fixation
2022-11-18 14:15:05.803972,,Eye Tracker,1331.0,556.0,Valid,Valid,Fixation
2022-11-18 14:15:05.820627,,Eye Tracker,1335.0,558.0,Valid,Valid,Fixation
2022-11-18 14:15:05.837281,,Eye Tracker,1334.0,557.0,Valid,Valid,Fixation
2022-11-18 14:15:05.853936,,Eye Tracker,1333.0,556.0,Valid,Valid,Fixation
2022-11-18 14:15:05.870591,,Eye Tracker,1335.0,553.0,Valid,Valid,Fixation
2022-11-18 14:15:05.887245,,Eye Tracker,1333.0,549.0,Valid,Valid,Fixation
2022-11-18 14:15:05.903900,,Eye Tracker,1329.0,550.0,Valid,Valid,Fixation
2022-11-18 14:15:05.920556,,Eye Tracker,1332.0,552.0,Valid,Valid,Fixation
2022-11-18 14:15:05.937210,,Eye Tracker,1335.0,546.0,Valid,Valid,Fixation
2022-11-18 14:15:05.953865,,Eye Tracker,1334.0,548.0,Valid,Valid,Fixation
2022-11-18 14:15:05.970520,,Eye Tracker,1334.0,545.0,Valid,Valid,Fixation
2022-11-18 14:15:05.987174,,Eye Tracker,1333.0,544.0,Valid,Valid,Fixation
2022-11-18 14:15:06.003829,,Eye Tracker,1342.0,546.0,Valid,Valid,Fixation
2022-11-18 14:15:06.020484,,Eye Tracker,1373.0,524.0,Valid,Valid,Saccade
2022-11-18 14:15:06.037139,,Eye Tracker,1405.0,509.0,Valid,Valid,Saccade
2022-11-18 14:15:06.053793,,Eye Tracker,1409.0,502.0,Valid,Valid,Fixation
2022-11-18 14:15:06.070449,,Eye Tracker,1409.0,496.0,Valid,Valid,Fixation
2022-11-18 14:15:06.087104,,Eye Tracker,1410.0,497.0,Valid,Valid,Fixation
2022-11-18 14:15:06.103758,,Eye Tracker,1408.0,495.0,Valid,Valid,Fixation
2022-11-18 14:15:06.120413,,Eye Tracker,1412.0,492.0,Valid,Valid,Fixation
2022-11-18 14:15:06.137068,,Eye Tracker,1412.0,498.0,Valid,Valid,Fixation
2022-11-18 14:15:06.153722,,Eye Tracker,1406.0,497.0,Valid,Valid,Fixation
2022-11-18 14:15:06.170377,,Eye Tracker,1407.0,496.0,Valid,Valid,Fixation
2022-11-18 14:15:06.187032,,Eye Tracker,1405.0,494.0,Valid,Valid,Fixation
2022-11-18 14:15:06.203686,,Eye Tracker,1404.0,488.0,Valid,Valid,Fixation
2022-11-18 14:15:06.220342,,Eye Tracker,1408.0,491.0,Valid,Valid,Fixation
2022-11-18 14:15:06.236997,,Eye Tracker,1404.0,490.0,Valid,Valid,Fixation
2022-11-18 14:15:06.253651,,Eye Tracker,1406.0,496.0,Valid,Valid,Fixation
2022-11-18 14:15:06.270306,,Eye Tracker,1410.0,497.0,Valid,Valid,Fixation
2022-11-18 14:15:06.286961,,Eye Tracker,1409.0,497.0,Valid,Valid,Fixation
2022-11-18 14:15:06.303616,,Eye Tracker,1409.0,501.0,Valid,Valid,Fixation
2022-11-18 14:15:06.320270,,Eye Tracker,1411.0,501.0,Valid,Valid,Fixation
2022-11-18 14:15:06.336925,,Eye Tracker,1414.0,503.0,Valid,Valid,Fixation
2022-11-18 14:15:06.353581,,Eye Tracker,1413.0,502.0,Valid,Valid,Fixation
2022-11-18 14:15:06.370235,,Eye Tracker,1412.0,504.0,Valid,Valid,Fixation
2022-11-18 14:15:06.386890,,Eye Tracker,1413.0,501.0,Valid,Valid,Fixation
2022-11-18 14:15:06.403545,,Eye Tracker,1411.0,500.0,Valid,Valid,Fixation
2022-11-18 14:15:06.420199,,Eye Tracker,1409.0,501.0,Valid,Valid,Fixation
2022-11-18 14:15:06.436854,,Eye Tracker,1412.0,495.0,Valid,Valid,Fixation
2022-11-18 14:15:06.453509,,Eye Tracker,1418.0,494.0,Valid,Valid,Fixation
2022-11-18 14:15:06.470163,,Eye Tracker,1443.0,499.0,Valid,Valid,Saccade
2022-11-18 14:15:06.486818,,Eye Tracker,1494.0,492.0,Valid,Valid,Saccade
2022-11-18 14:15:06.503474,,Eye Tracker,1622.0,469.0,Valid,Valid,Saccade
2022-11-18 14:15:06.520128,,Eye Tracker,1630.0,477.0,Valid,Valid,Fixation
2022-11-18 14:15:06.536783,,Eye Tracker,1637.0,481.0,Valid,Valid,Fixation
2022-11-18 14:15:06.553438,,Eye Tracker,1636.0,478.0,Valid,Valid,Fixation
2022-11-18 14:15:06.570093,,Eye Tracker,1635.0,479.0,Valid,Valid,Fixation
2022-11-18 14:15:06.586747,,Eye Tracker,1635.0,480.0,Valid,Valid,Fixation
2022-11-18 14:15:06.603402,,Eye Tracker,1635.0,483.0,Valid,Valid,Fixation
2022-11-18 14:15:06.620057,,Eye Tracker,1637.0,484.0,Valid,Valid,Fixation
2022-11-18 14:15:06.636712,,Eye Tracker,1638.0,480.0,Valid,Valid,Fixation
2022-11-18 14:15:06.653367,,Eye Tracker,1639.0,478.0,Valid,Valid,Fixation
2022-11-18 14:15:06.670022,,Eye Tracker,1642.0,481.0,Valid,Valid,Fixation
2022-11-18 14:15:06.686676,,Eye Tracker,1644.0,482.0,Valid,Valid,Fixation
2022-11-18 14:15:06.703331,,Eye Tracker,1644.0,476.0,Valid,Valid,Fixation
2022-11-18 14:15:06.719986,,Eye Tracker,1643.0,478.0,Valid,Valid,Fixation
2022-11-18 14:15:06.736640,,Eye Tracker,1640.0,480.0,Valid,Valid,Fixation
2022-11-18 14:15:06.753295,,Eye Tracker,1642.0,480.0,Valid,Valid,Fixation
2022-11-18 14:15:06.769950,,Eye Tracker,1644.0,478.0,Valid,Valid,Fixation
2022-11-18 14:15:06.786605,,Eye Tracker,1647.0,479.0,Valid,Valid,Fixation
2022-11-18 14:15:06.803260,,Eye Tracker,1651.0,485.0,Valid,Valid,Fixation
2022-11-18 14:15:06.819915,,Eye Tracker,1662.0,480.0,Valid,Valid,Fixation
2022-11-18 14:15:06.836570,,Eye Tracker,1709.0,477.0,Valid,Valid,Saccade
2022-11-18 14:15:06.853224,,Eye Tracker,1757.0,466.0,Valid,Valid,Saccade
2022-11-18 14:15:06.869879,,Eye Tracker,1761.0,462.0,Valid,Valid,Fixation
2022-11-18 14:15:06.886534,,Eye Tracker,1761.0,463.0,Valid,Valid,Fixation
2022-11-18 14:15:06.903188,,Eye Tracker,1760.0,465.0,Valid,Valid,Fixation
2022-11-18 14:15:06.919844,,Eye Tracker,1759.0,469.0,Valid,Valid,Fixation
2022-11-18 14:15:06.936499,,Eye Tracker,1757.0,467.0,Valid,Valid,Fixation
2022-11-18 14:15:06.953153,,Eye Tracker,1755.0,467.0,Valid,Valid,Fixation
2022-11-18 14:15:06.969808,,Eye Tracker,1756.0,472.0,Valid,Valid,Fixation
2022-11-18 14:15:06.986463,,Eye Tracker,1756.0,473.0,Valid,Valid,Fixation
2022-11-18 14:15:07.003117,,Eye Tracker,1754.0,472.0,Valid,Valid,Fixation
2022-11-18 14:15:07.019772,,Eye Tracker,1755.0,474.0,Valid,Valid,Fixation
2022-11-18 14:15:07.036427,,Eye Tracker,1757.0,472.0,Valid,Valid,Fixation
2022-11-18 14:15:07.053081,,Eye Tracker,1753.0,474.0,Valid,Valid,Fixation
2022-11-18 14:15:07.069737,,Eye Tracker,1752.0,479.0,Valid,Valid,Fixation
2022-11-18 14:15:07.086392,,Eye Tracker,1757.0,477.0,Valid,Valid,Fixation
2022-11-18 14:15:07.103047,,Eye Tracker,1765.0,478.0,Valid,Valid,Fixation
2022-11-18 14:15:07.119701,,Eye Tracker,1765.0,480.0,Valid,Valid,Fixation
2022-11-18 14:15:07.136356,,Eye Tracker,1761.0,481.0,Valid,Valid,Fixation
2022-11-18 14:15:07.153011,,Eye Tracker,1757.0,479.0,Valid,Valid,Fixation
2022-11-18 14:15:07.169665,,Eye Tracker,1756.0,473.0,Valid,Valid,Fixation
2022-11-18 14:15:07.186320,,Eye Tracker,1757.0,473.0,Valid,Valid,Fixation
2022-11-18 14:15:07.202976,,Eye Tracker,1759.0,479.0,Valid,Valid,Fixation
2022-11-18 14:15:07.219630,,Eye Tracker,1758.0,476.0,Valid,Valid,Fixation
2022-11-18 14:15:07.236285,,Eye Tracker,1755.0,475.0,Valid,Valid,Fixation
2022-11-18 14:15:07.252940,,Eye Tracker,1752.0,474.0,Valid,Valid,Fixation
2022-11-18 14:15:07.269594,,Eye Tracker,1756.0,472.0,Valid,Valid,Fixation
2022-11-18 14:15:07.286249,,Eye Tracker,1757.0,472.0,Valid,Valid,Fixation
2022-11-18 14:15:07.302904,,Eye Tracker,1756.0,467.0,Valid,Valid,Fixation
2022-11-18 14:15:07.319558,,Eye Tracker,1758.0,470.0,Valid,Valid,Fixation
2022-11-18 14:15:07.336213,,Eye Tracker,1758.0,468.0,Valid,Valid,Fixation
2022-11-18 14:15:07.352869,,Eye Tracker,1759.0,469.0,Valid,Valid,Fixation
2022-11-18 14:15:07.369524,,Eye Tracker,1760.0,469.0,Valid,Valid,Fixation
2022-11-18 14:15:07.386178,,Eye Tracker,1758.0,467.0,Valid,Valid,Fixation
2022-11-18 14:15:07.402833,,Eye Tracker,1772.0,435.0,Valid,Valid,Saccade
2022-11-18 14:15:07.419488,,Eye Tracker,1775.0,371.0,Valid,Valid,Saccade
2022-11-18 14:15:07.436142,,Eye Tracker,1793.0,303.0,Valid,Valid,Saccade
2022-11-18 14:15:07.452797,,Eye Tracker,1789.0,285.0,Valid,Valid,Fixation
2022-11-18 14:15:07.469452,,Eye Tracker,1788.0,279.0,Valid,Valid,Fixation
2022-11-18 14:15:07.486107,,Eye Tracker,1797.0,270.0,Valid,Valid,Fixation
2022-11-18 14:15:07.502762,,Eye Tracker,1806.0,263.0,Valid,Valid,Fixation
2022-11-18 14:15:07.519417,,Eye Tracker,1811.0,259.0,Valid,Valid,Fixation
2022-11-18 14:15:07.536071,,Eye Tracker,1807.0,251.0,Valid,Valid,Fixation
2022-11-18 14:15:07.552726,,Eye Tracker,1812.0,246.0,Valid,Valid,Fixation
2022-11-18 14:15:07.569381,,Eye Tracker,1822.0,238.0,Valid,Valid,Fixation
2022-11-18 14:15:07.586035,,Eye Tracker,1823.0,233.0,Valid,Valid,Fixation
2022-11-18 14:15:07.602690,,Eye Tracker,1821.0,231.0,Valid,Valid,Fixation
2022-11-18 14:15:07.619345,,Eye Tracker,1829.0,230.0,Valid,Valid,Fixation
2022-11-18 14:15:07.636001,,Eye Tracker,1836.0,225.0,Valid,Valid,Fixation
2022-11-18 14:15:07.652655,,Eye Tracker,1833.0,218.0,Valid,Valid,Fixation
2022-11-18 14:15:07.669310,,Eye Tracker,1832.0,205.0,Valid,Valid,Fixation
2022-11-18 14:15:07.685965,,Eye Tracker,1840.0,201.0,Valid,Valid,Fixation
2022-11-18 14:15:07.702619,,Eye Tracker,1840.0,201.0,Valid,Valid,Fixation
2022-11-18 14:15:07.719274,,Eye Tracker,1839.0,190.0,Valid,Valid,Fixation
2022-11-18 14:15:07.735929,,Eye Tracker,1839.0,136.0,Valid,Valid,Saccade
2022-11-18 14:15:07.752583,,Eye Tracker,1843.0,92.0,Valid,Valid,Saccade
2022-11-18 14:15:07.769238,,Eye Tracker,1836.0,82.0,Valid,Valid,Fixation
2022-11-18 14:15:07.785894,,Eye Tracker,1840.0,77.0,Valid,Valid,Fixation
2022-11-18 14:15:07.802548,,Eye Tracker,1843.0,83.0,Valid,Valid,Fixation
2022-11-18 14:15:07.819203,,Eye Tracker,1841.0,83.0,Valid,Valid,Fixation
2022-11-18 14:15:07.835858,,Eye Tracker,1844.0,73.0,Valid,Valid,Fixation
2022-11-18 14:15:07.852512,,Eye Tracker,1850.0,73.0,Valid,Valid,Fixation
2022-11-18 14:15:07.869167,,Eye Tracker,1845.0,70.0,Valid,Valid,Fixation
2022-11-18 14:15:07.885822,,Eye Tracker,1846.0,67.0,Valid,Valid,Fixation
2022-11-18 14:15:07.902477,,Eye Tracker,1848.0,66.0,Valid,Valid,Fixation
2022-11-18 14:15:07.919132,,Eye Tracker,1847.0,66.0,Valid,Valid,Fixation
2022-11-18 14:15:07.935787,,Eye Tracker,1848.0,65.0,Valid,Valid,Fixation
2022-11-18 14:15:07.952442,,Eye Tracker,1848.0,62.0,Valid,Valid,Fixation
2022-11-18 14:15:07.969096,,Eye Tracker,1845.0,60.0,Valid,Valid,Fixation
2022-11-18 14:15:07.985751,,Eye Tracker,1844.0,62.0,Valid,Valid,Fixation
2022-11-18 14:15:08.002406,,Eye Tracker,1845.0,63.0,Valid,Valid,Fixation
2022-11-18 14:15:08.019060,,Eye Tracker,1841.0,59.0,Valid,Valid,Fixation
2022-11-18 14:15:08.035715,,Eye Tracker,1843.0,60.0,Valid,Valid,Fixation
2022-11-18 14:15:08.052370,,Eye Tracker,1842.0,59.0,Valid,Valid,Fixation
2022-11-18 14:15:08.069025,,Eye Tracker,1839.0,59.0,Valid,Valid,Fixation
2022-11-18 14:15:08.085680,,Eye Tracker,1841.0,59.0,Valid,Valid,Fixation
2022-11-18 14:15:08.102335,,Eye Tracker,1842.0,52.0,Valid,Valid,Fixation
2022-11-18 14:15:08.118989,,Eye Tracker,1844.0,51.0,Valid,Valid,Fixation
2022-11-18 14:15:08.135644,,Eye Tracker,1840.0,49.0,Valid,Valid,Fixation
2022-11-18 14:15:08.152299,,Eye Tracker,1834.0,49.0,Valid,Valid,Fixation
2022-11-18 14:15:08.168954,,Eye Tracker,1834.0,46.0,Valid,Valid,Fixation
2022-11-18 14:15:08.185608,,Eye Tracker,1834.0,44.0,Valid,Valid,Fixation
2022-11-18 14:15:08.202264,,Eye Tracker,1830.0,46.0,Valid,Valid,Fixation
2022-11-18 14:15:08.218919,,Eye Tracker,1803.0,46.0,Valid,Valid,Fixation
2022-11-18 14:15:08.235573,,Eye Tracker,1698.0,42.0,Valid,Valid,Saccade
2022-11-18 14:15:08.252228,,Eye Tracker,1459.0,18.0,Valid,Valid,Saccade
2022-11-18 14:15:08.268883,,Eye Tracker,1417.0,3.0,Valid,Valid,Saccade
2022-11-18 14:15:08.285537,,Eye Tracker,1417.0,5.0,Valid,Valid,Fixation
2022-11-18 14:15:08.302192,,Eye Tracker,1420.0,17.0,Valid,Valid,Fixation
2022-11-18 14:15:08.318847,,Eye Tracker,1419.0,16.0,Valid,Valid,Fixation
2022-11-18 14:15:08.335501,,Eye Tracker,1408.0,13.0,Valid,Valid,Fixation
2022-11-18 14:15:08.352157,,Eye Tracker,1406.0,13.0,Valid,Valid,Fixation
2022-11-18 14:15:08.368812,,Eye Tracker,1412.0,17.0,Valid,Valid,Fixation
2022-11-18 14:15:08.385466,,Eye Tracker,1412.0,23.0,Valid,Valid,Fixation
2022-11-18 14:15:08.402121,,Eye Tracker,1408.0,28.0,Valid,Valid,Fixation
2022-11-18 14:15:08.418776,,Eye Tracker,1407.0,33.0,Valid,Valid,Fixation
2022-11-18 14:15:08.435431,,Eye Tracker,1405.0,38.0,Valid,Valid,Fixation
2022-11-18 14:15:08.452085,,Eye Tracker,1387.0,36.0,Valid,Valid,Fixation
2022-11-18 14:15:08.468740,,Eye Tracker,1349.0,34.0,Valid,Valid,Saccade
2022-11-18 14:15:08.485396,,Eye Tracker,1326.0,39.0,Valid,Valid,Saccade
2022-11-18 14:15:08.502050,,Eye Tracker,1323.0,44.0,Valid,Valid,Fixation
2022-11-18 14:15:08.518705,,Eye Tracker,1328.0,45.0,Valid,Valid,Fixation
2022-11-18 14:15:08.535360,,Eye Tracker,1322.0,52.0,Valid,Valid,Fixation
2022-11-18 14:15:08.552014,,Eye Tracker,1316.0,53.0,Valid,Valid,Fixation
2022-11-18 14:15:08.568669,,Eye Tracker,1314.0,55.0,Valid,Valid,Fixation
2022-11-18 14:15:08.585324,,Eye Tracker,1311.0,62.0,Valid,Valid,Fixation
2022-11-18 14:15:08.601978,,Eye Tracker,1312.0,68.0,Valid,Valid,Fixation
2022-11-18 14:15:08.618633,,Eye Tracker,1314.0,70.0,Valid,Valid,Fixation
2022-11-18 14:15:08.635289,,Eye Tracker,1316.0,74.0,Valid,Valid,Fixation
2022-11-18 14:15:08.651943,,Eye Tracker,1312.0,71.0,Valid,Valid,Fixation
2022-11-18 14:15:08.668598,,Eye Tracker,1311.0,72.0,Valid,Valid,Fixation
2022-11-18 14:15:08.685253,,Eye Tracker,1313.0,78.0,Valid,Valid,Fixation
2022-11-18 14:15:08.701908,,Eye Tracker,1337.0,83.0,Valid,Valid,Saccade
2022-11-18 14:15:08.718562,,Eye Tracker,1344.0,84.0,Valid,Valid,Fixation
2022-11-18 14:15:08.735217,,Eye Tracker,1330.0,83.0,Valid,Valid,Fixation
2022-11-18 14:15:08.751872,,Eye Tracker,1326.0,88.0,Valid,Valid,Fixation
2022-11-18 14:15:08.768527,,Eye Tracker,1324.0,95.0,Valid,Valid,Fixation
2022-11-18 14:15:08.785182,,Eye Tracker,1323.0,94.0,Valid,Valid,Fixation
2022-11-18 14:15:08.801837,,Eye Tracker,1322.0,91.0,Valid,Valid,Fixation
2022-11-18 14:15:08.818491,,Eye Tracker,1323.0,93.0,Valid,Valid,Fixation
2022-11-18 14:15:08.835146,,Eye Tracker,1322.0,96.0,Valid,Valid,Fixation
2022-11-18 14:15:08.851801,,Eye Tracker,1318.0,95.0,Valid,Valid,Fixation
2022-11-18 14:15:08.868455,,Eye Tracker,1319.0,95.0,Valid,Valid,Fixation
2022-11-18 14:15:08.885110,,Eye Tracker,1319.0,99.0,Valid,Valid,Fixation
2022-11-18 14:15:08.901765,,Eye Tracker,1324.0,101.0,Valid,Valid,Fixation
2022-11-18 14:15:08.918420,,Eye Tracker,1324.0,101.0,Valid,Valid,Fixation
2022-11-18 14:15:08.935075,,Eye Tracker,1321.0,101.0,Valid,Valid,Fixation
2022-11-18 14:15:08.951730,,Eye Tracker,1321.0,105.0,Valid,Valid,Fixation
2022-11-18 14:15:08.968385,,Eye Tracker,1321.0,108.0,Valid,Valid,Fixation
2022-11-18 14:15:08.985039,,Eye Tracker,1318.0,108.0,Valid,Valid,Fixation
2022-11-18 14:15:09.001694,,Eye Tracker,1319.0,112.0,Valid,Valid,Fixation
2022-11-18 14:15:09.018349,,Eye Tracker,1320.0,110.0,Valid,Valid,Fixation
2022-11-18 14:15:09.035003,,Eye Tracker,1318.0,108.0,Valid,Valid,Fixation
2022-11-18 14:15:09.051659,,Eye Tracker,1319.0,111.0,Valid,Valid,Fixation
2022-11-18 14:15:09.068314,,Eye Tracker,1320.0,110.0,Valid,Valid,Fixation
2022-11-18 14:15:09.084968,,Eye Tracker,1317.0,110.0,Valid,Valid,Fixation
2022-11-18 14:15:09.101623,,Eye Tracker,1317.0,109.0,Valid,Valid,Fixation
2022-11-18 14:15:09.118278,,Eye Tracker,1317.0,110.0,Valid,Valid,Fixation
2022-11-18 14:15:09.134932,,Eye Tracker,1312.0,116.0,Valid,Valid,Fixation
2022-11-18 14:15:09.151587,,Eye Tracker,1316.0,114.0,Valid,Valid,Fixation
2022-11-18 14:15:09.168242,,Eye Tracker,1320.0,112.0,Valid,Valid,Fixation
2022-11-18 14:15:09.184896,,Eye Tracker,1315.0,109.0,Valid,Valid,Fixation
2022-11-18 14:15:09.201552,,Eye Tracker,1317.0,110.0,Valid,Valid,Fixation
2022-11-18 14:15:09.218207,,Eye Tracker,1315.0,112.0,Valid,Valid,Fixation
2022-11-18 14:15:09.234862,,Eye Tracker,1310.0,113.0,Valid,Valid,Fixation
2022-11-18 14:15:09.251516,,Eye Tracker,1312.0,115.0,Valid,Valid,Fixation
2022-11-18 14:15:09.268171,,Eye Tracker,1310.0,115.0,Valid,Valid,Fixation
2022-11-18 14:15:09.284826,,Eye Tracker,1310.0,115.0,Valid,Valid,Fixation
2022-11-18 14:15:09.301480,,Eye Tracker,1314.0,117.0,Valid,Valid,Fixation
2022-11-18 14:15:09.318135,,Eye Tracker,1312.0,117.0,Valid,Valid,Fixation
2022-11-18 14:15:09.334790,,Eye Tracker,1309.0,121.0,Valid,Valid,Fixation
2022-11-18 14:15:09.351445,,Eye Tracker,1275.0,161.0,Valid,Valid,Saccade
2022-11-18 14:15:09.368100,,Eye Tracker,1002.0,348.0,Valid,Valid,Saccade
2022-11-18 14:15:09.384755,,Eye Tracker,939.0,431.0,Valid,Valid,Saccade
2022-11-18 14:15:09.401409,,Eye Tracker,913.0,493.0,Valid,Valid,Saccade
2022-11-18 14:15:09.418064,,Eye Tracker,910.0,497.0,Valid,Valid,Fixation
2022-11-18 14:15:09.434719,,Eye Tracker,910.0,496.0,Valid,Valid,Fixation
2022-11-18 14:15:09.451373,,Eye Tracker,910.0,494.0,Valid,Valid,Fixation
2022-11-18 14:15:09.468028,,Eye Tracker,907.0,494.0,Valid,Valid,Fixation
2022-11-18 14:15:09.484684,,Eye Tracker,909.0,495.0,Valid,Valid,Fixation
2022-11-18 14:15:09.501339,,Eye Tracker,912.0,500.0,Valid,Valid,Fixation
2022-11-18 14:15:09.517993,,Eye Tracker,908.0,502.0,Valid,Valid,Fixation
